{"data":[{"Properties":{"domain":"CORP.LOCAL","name":"ADMINISTRATOR@CORP.LOCAL","distinguishedname":"CN=ADMINISTRATOR,CN=USERS,DC=CORP,DC=LOCAL","domainsid":"S-1-5-21-4206227808-1041491186-562524811","samaccountname":"Administrator","doesanyacegrantownerrights":false,"doesanyinheritedacegrantownerrights":false,"isaclprotected":true,"adminsdholderprotected":true,"description":"Built-in account for administering the computer/domain","whencreated":1769982123,"sensitive":false,"dontreqpreauth":false,"passwordnotreqd":false,"unconstraineddelegation":false,"pwdneverexpires":true,"enabled":true,"trustedtoauth":false,"smartcardrequired":false,"encryptedtextpwdallowed":false,"usedeskeyonly":false,"logonscriptenabled":false,"lockedout":false,"passwordcantchange":false,"passwordexpired":false,"useraccountcontrol":66048,"lastlogon":1770196261,"lastlogontimestamp":1769982425,"pwdlastset":1769965784,"serviceprincipalnames":[],"hasspn":false,"displayname":null,"email":null,"title":null,"homedirectory":null,"userpassword":null,"unixpassword":null,"unicodepassword":null,"sfupassword":null,"logonscript":null,"profilepath":null,"admincount":true,"supportedencryptiontypes":null,"sidhistory":[]},"AllowedToDelegate":[],"PrimaryGroupSID":"S-1-5-21-4206227808-1041491186-562524811-513","HasSIDHistory":[],"SPNTargets":[],"UnconstrainedDelegation":false,"DomainSID":"S-1-5-21-4206227808-1041491186-562524811","Aces":[{"PrincipalSID":"S-1-5-21-4206227808-1041491186-562524811-512","PrincipalType":"Group","RightName":"Owns","IsInherited":false,"InheritanceHash":"","IsPermissionForOwnerRightsSid":false,"IsInheritedPermissionForOwnerRightsSid":false},{"PrincipalSID":"CORP.LOCAL-S-1-5-32-544","PrincipalType":"Group","RightName":"WriteDacl","IsInherited":false,"InheritanceHash":"","IsPermissionForOwnerRightsSid":false,"IsInheritedPermissionForOwnerRightsSid":false},{"PrincipalSID":"CORP.LOCAL-S-1-5-32-544","PrincipalType":"Group","RightName":"WriteOwner","IsInherited":false,"InheritanceHash":"","IsPermissionForOwnerRightsSid":false,"IsInheritedPermissionForOwnerRightsSid":false},{"PrincipalSID":"CORP.LOCAL-S-1-5-32-544","PrincipalType":"Group","RightName":"AllExtendedRights","IsInherited":false,"InheritanceHash":"","IsPermissionForOwnerRightsSid":false,"IsInheritedPermissionForOwnerRightsSid":false},{"PrincipalSID":"CORP.LOCAL-S-1-5-32-544","PrincipalType":"Group","RightName":"GenericWrite","IsInherited":false,"InheritanceHash":"","IsPermissionForOwnerRightsSid":false,"IsInheritedPermissionForOwnerRightsSid":false},{"PrincipalSID":"S-1-5-21-4206227808-1041491186-562524811-512","PrincipalType":"Group","RightName":"WriteDacl","IsInherited":false,"InheritanceHash":"","IsPermissionForOwnerRightsSid":false,"IsInheritedPermissionForOwnerRightsSid":false},{"PrincipalSID":"S-1-5-21-4206227808-1041491186-562524811-512","PrincipalType":"Group","RightName":"WriteOwner","IsInherited":false,"InheritanceHash":"","IsPermissionForOwnerRightsSid":false,"IsInheritedPermissionForOwnerRightsSid":false},{"PrincipalSID":"S-1-5-21-4206227808-1041491186-562524811-512","PrincipalType":"Group","RightName":"AllExtendedRights","IsInherited":false,"InheritanceHash":"","IsPermissionForOwnerRightsSid":false,"IsInheritedPermissionForOwnerRightsSid":false},{"PrincipalSID":"S-1-5-21-4206227808-1041491186-562524811-512","PrincipalType":"Group","RightName":"GenericWrite","IsInherited":false,"InheritanceHash":"","IsPermissionForOwnerRightsSid":false,"IsInheritedPermissionForOwnerRightsSid":false},{"PrincipalSID":"S-1-5-21-4206227808-1041491186-562524811-519","PrincipalType":"Group","RightName":"WriteDacl","IsInherited":false,"InheritanceHash":"","IsPermissionForOwnerRightsSid":false,"IsInheritedPermissionForOwnerRightsSid":false},{"PrincipalSID":"S-1-5-21-4206227808-1041491186-562524811-519","PrincipalType":"Group","RightName":"WriteOwner","IsInherited":false,"InheritanceHash":"","IsPermissionForOwnerRightsSid":false,"IsInheritedPermissionForOwnerRightsSid":false},{"PrincipalSID":"S-1-5-21-4206227808-1041491186-562524811-519","PrincipalType":"Group","RightName":"AllExtendedRights","IsInherited":false,"InheritanceHash":"","IsPermissionForOwnerRightsSid":false,"IsInheritedPermissionForOwnerRightsSid":false},{"PrincipalSID":"S-1-5-21-4206227808-1041491186-562524811-519","PrincipalType":"Group","RightName":"GenericWrite","IsInherited":false,"InheritanceHash":"","IsPermissionForOwnerRightsSid":false,"IsInheritedPermissionForOwnerRightsSid":false}],"ObjectIdentifier":"S-1-5-21-4206227808-1041491186-562524811-500","IsDeleted":false,"IsACLProtected":true,"ContainedBy":{"ObjectIdentifier":"16B47663-4637-48B1-981A-F415B425B53E","ObjectType":"Container"}},{"Properties":{"domain":"CORP.LOCAL","name":"HELPDESK@CORP.LOCAL","distinguishedname":"CN=HELPDESK USER,CN=USERS,DC=CORP,DC=LOCAL","domainsid":"S-1-5-21-4206227808-1041491186-562524811","samaccountname":"helpdesk","doesanyacegrantownerrights":false,"doesanyinheritedacegrantownerrights":false,"isaclprotected":false,"adminsdholderprotected":false,"whencreated":1769984138,"sensitive":false,"dontreqpreauth":false,"passwordnotreqd":false,"unconstraineddelegation":false,"pwdneverexpires":true,"enabled":true,"trustedtoauth":false,"smartcardrequired":false,"encryptedtextpwdallowed":false,"usedeskeyonly":false,"logonscriptenabled":false,"lockedout":false,"passwordcantchange":false,"passwordexpired":false,"useraccountcontrol":66048,"lastlogon":1770196110,"lastlogontimestamp":1770191823,"pwdlastset":1769984138,"serviceprincipalnames":[],"hasspn":false,"displayname":"Helpdesk User","email":null,"title":null,"homedirectory":null,"userpassword":null,"unixpassword":null,"unicodepassword":null,"sfupassword":null,"logonscript":null,"profilepath":null,"admincount":false,"supportedencryptiontypes":null,"sidhistory":[]},"AllowedToDelegate":[],"PrimaryGroupSID":"S-1-5-21-4206227808-1041491186-562524811-513","HasSIDHistory":[],"SPNTargets":[],"UnconstrainedDelegation":false,"DomainSID":"S-1-5-21-4206227808-1041491186-562524811","Aces":[{"PrincipalSID":"S-1-5-21-4206227808-1041491186-562524811-512","PrincipalType":"Group","RightName":"Owns","IsInherited":false,"InheritanceHash":"","IsPermissionForOwnerRightsSid":false,"IsInheritedPermissionForOwnerRightsSid":false},{"PrincipalSID":"CORP.LOCAL-S-1-5-32-548","PrincipalType":"Group","RightName":"GenericAll","IsInherited":false,"InheritanceHash":"","IsPermissionForOwnerRightsSid":false,"IsInheritedPermissionForOwnerRightsSid":false},{"PrincipalSID":"S-1-5-21-4206227808-1041491186-562524811-512","PrincipalType":"Group","RightName":"GenericAll","IsInherited":false,"InheritanceHash":"","IsPermissionForOwnerRightsSid":false,"IsInheritedPermissionForOwnerRightsSid":false},{"PrincipalSID":"S-1-5-21-4206227808-1041491186-562524811-526","PrincipalType":"Group","RightName":"AddKeyCredentialLink","IsInherited":true,"InheritanceHash":"316953EB27F9FDF336DC575C5CC13F063C3E975C","IsPermissionForOwnerRightsSid":false,"IsInheritedPermissionForOwnerRightsSid":false},{"PrincipalSID":"S-1-5-21-4206227808-1041491186-562524811-527","PrincipalType":"Group","RightName":"AddKeyCredentialLink","IsInherited":true,"InheritanceHash":"A0463EEECD767D58271075A5611C1D05652D575C","IsPermissionForOwnerRightsSid":false,"IsInheritedPermissionForOwnerRightsSid":false},{"PrincipalSID":"S-1-5-21-4206227808-1041491186-562524811-1105","PrincipalType":"Group","RightName":"GenericWrite","IsInherited":true,"InheritanceHash":"C14B569222F8FEFCA92270BF1FAD96B177E5F97C","IsPermissionForOwnerRightsSid":false,"IsInheritedPermissionForOwnerRightsSid":false},{"PrincipalSID":"S-1-5-21-4206227808-1041491186-562524811-519","PrincipalType":"Group","RightName":"GenericAll","IsInherited":true,"InheritanceHash":"1B4AFE2DCDB3D339A287BB6D66254289F6398CAF","IsPermissionForOwnerRightsSid":false,"IsInheritedPermissionForOwnerRightsSid":false},{"PrincipalSID":"CORP.LOCAL-S-1-5-32-544","PrincipalType":"Group","RightName":"WriteDacl","IsInherited":true,"InheritanceHash":"62C26D4FB3FF64505B03CDD35D648DFBC6C157CC","IsPermissionForOwnerRightsSid":false,"IsInheritedPermissionForOwnerRightsSid":false},{"PrincipalSID":"CORP.LOCAL-S-1-5-32-544","PrincipalType":"Group","RightName":"WriteOwner","IsInherited":true,"InheritanceHash":"62C26D4FB3FF64505B03CDD35D648DFBC6C157CC","IsPermissionForOwnerRightsSid":false,"IsInheritedPermissionForOwnerRightsSid":false},{"PrincipalSID":"CORP.LOCAL-S-1-5-32-544","PrincipalType":"Group","RightName":"AllExtendedRights","IsInherited":true,"InheritanceHash":"62C26D4FB3FF64505B03CDD35D648DFBC6C157CC","IsPermissionForOwnerRightsSid":false,"IsInheritedPermissionForOwnerRightsSid":false},{"PrincipalSID":"CORP.LOCAL-S-1-5-32-544","PrincipalType":"Group","RightName":"GenericWrite","IsInherited":true,"InheritanceHash":"62C26D4FB3FF64505B03CDD35D648DFBC6C157CC","IsPermissionForOwnerRightsSid":false,"IsInheritedPermissionForOwnerRightsSid":false}],"ObjectIdentifier":"S-1-5-21-4206227808-1041491186-562524811-1104","IsDeleted":false,"IsACLProtected":false,"ContainedBy":{"ObjectIdentifier":"16B47663-4637-48B1-981A-F415B425B53E","ObjectType":"Container"}},{"Properties":{"domain":"CORP.LOCAL","name":"JDON@CORP.LOCAL","distinguishedname":"CN=JHON DOE,CN=USERS,DC=CORP,DC=LOCAL","domainsid":"S-1-5-21-4206227808-1041491186-562524811","samaccountname":"jdon","doesanyacegrantownerrights":false,"doesanyinheritedacegrantownerrights":false,"isaclprotected":false,"adminsdholderprotected":false,"whencreated":1769983845,"sensitive":false,"dontreqpreauth":false,"passwordnotreqd":false,"unconstraineddelegation":false,"pwdneverexpires":true,"enabled":true,"trustedtoauth":false,"smartcardrequired":false,"encryptedtextpwdallowed":false,"usedeskeyonly":false,"logonscriptenabled":false,"lockedout":false,"passwordcantchange":false,"passwordexpired":false,"useraccountcontrol":66048,"lastlogon":0,"lastlogontimestamp":-1,"pwdlastset":1769983845,"serviceprincipalnames":[],"hasspn":false,"displayname":"Jhon Doe","email":null,"title":null,"homedirectory":null,"userpassword":null,"unixpassword":null,"unicodepassword":null,"sfupassword":null,"logonscript":null,"profilepath":null,"admincount":false,"supportedencryptiontypes":null,"sidhistory":[]},"AllowedToDelegate":[],"PrimaryGroupSID":"S-1-5-21-4206227808-1041491186-562524811-513","HasSIDHistory":[],"SPNTargets":[],"UnconstrainedDelegation":false,"DomainSID":"S-1-5-21-4206227808-1041491186-562524811","Aces":[{"PrincipalSID":"S-1-5-21-4206227808-1041491186-562524811-512","PrincipalType":"Group","RightName":"Owns","IsInherited":false,"InheritanceHash":"","IsPermissionForOwnerRightsSid":false,"IsInheritedPermissionForOwnerRightsSid":false},{"PrincipalSID":"CORP.LOCAL-S-1-5-32-548","PrincipalType":"Group","RightName":"GenericAll","IsInherited":false,"InheritanceHash":"","IsPermissionForOwnerRightsSid":false,"IsInheritedPermissionForOwnerRightsSid":false},{"PrincipalSID":"S-1-5-21-4206227808-1041491186-562524811-512","PrincipalType":"Group","RightName":"GenericAll","IsInherited":false,"InheritanceHash":"","IsPermissionForOwnerRightsSid":false,"IsInheritedPermissionForOwnerRightsSid":false},{"PrincipalSID":"S-1-5-21-4206227808-1041491186-562524811-526","PrincipalType":"Group","RightName":"AddKeyCredentialLink","IsInherited":true,"InheritanceHash":"316953EB27F9FDF336DC575C5CC13F063C3E975C","IsPermissionForOwnerRightsSid":false,"IsInheritedPermissionForOwnerRightsSid":false},{"PrincipalSID":"S-1-5-21-4206227808-1041491186-562524811-527","PrincipalType":"Group","RightName":"AddKeyCredentialLink","IsInherited":true,"InheritanceHash":"A0463EEECD767D58271075A5611C1D05652D575C","IsPermissionForOwnerRightsSid":false,"IsInheritedPermissionForOwnerRightsSid":false},{"PrincipalSID":"S-1-5-21-4206227808-1041491186-562524811-1105","PrincipalType":"Group","RightName":"GenericWrite","IsInherited":true,"InheritanceHash":"C14B569222F8FEFCA92270BF1FAD96B177E5F97C","IsPermissionForOwnerRightsSid":false,"IsInheritedPermissionForOwnerRightsSid":false},{"PrincipalSID":"S-1-5-21-4206227808-1041491186-562524811-519","PrincipalType":"Group","RightName":"GenericAll","IsInherited":true,"InheritanceHash":"1B4AFE2DCDB3D339A287BB6D66254289F6398CAF","IsPermissionForOwnerRightsSid":false,"IsInheritedPermissionForOwnerRightsSid":false},{"PrincipalSID":"CORP.LOCAL-S-1-5-32-544","PrincipalType":"Group","RightName":"WriteDacl","IsInherited":true,"InheritanceHash":"62C26D4FB3FF64505B03CDD35D648DFBC6C157CC","IsPermissionForOwnerRightsSid":false,"IsInheritedPermissionForOwnerRightsSid":false},{"PrincipalSID":"CORP.LOCAL-S-1-5-32-544","PrincipalType":"Group","RightName":"WriteOwner","IsInherited":true,"InheritanceHash":"62C26D4FB3FF64505B03CDD35D648DFBC6C157CC","IsPermissionForOwnerRightsSid":false,"IsInheritedPermissionForOwnerRightsSid":false},{"PrincipalSID":"CORP.LOCAL-S-1-5-32-544","PrincipalType":"Group","RightName":"AllExtendedRights","IsInherited":true,"InheritanceHash":"62C26D4FB3FF64505B03CDD35D648DFBC6C157CC","IsPermissionForOwnerRightsSid":false,"IsInheritedPermissionForOwnerRightsSid":false},{"PrincipalSID":"CORP.LOCAL-S-1-5-32-544","PrincipalType":"Group","RightName":"GenericWrite","IsInherited":true,"InheritanceHash":"62C26D4FB3FF64505B03CDD35D648DFBC6C157CC","IsPermissionForOwnerRightsSid":false,"IsInheritedPermissionForOwnerRightsSid":false}],"ObjectIdentifier":"S-1-5-21-4206227808-1041491186-562524811-1103","IsDeleted":false,"IsACLProtected":false,"ContainedBy":{"ObjectIdentifier":"16B47663-4637-48B1-981A-F415B425B53E","ObjectType":"Container"}},{"Properties":{"domain":"CORP.LOCAL","name":"GUEST@CORP.LOCAL","distinguishedname":"CN=GUEST,CN=USERS,DC=CORP,DC=LOCAL","domainsid":"S-1-5-21-4206227808-1041491186-562524811","samaccountname":"Guest","doesanyacegrantownerrights":false,"doesanyinheritedacegrantownerrights":false,"isaclprotected":false,"adminsdholderprotected":false,"description":"Built-in account for guest access to the computer/domain","whencreated":1769982123,"sensitive":false,"dontreqpreauth":false,"passwordnotreqd":true,"unconstraineddelegation":false,"pwdneverexpires":true,"enabled":false,"trustedtoauth":false,"smartcardrequired":false,"encryptedtextpwdallowed":false,"usedeskeyonly":false,"logonscriptenabled":false,"lockedout":false,"passwordcantchange":false,"passwordexpired":false,"useraccountcontrol":66082,"lastlogon":0,"lastlogontimestamp":-1,"pwdlastset":0,"serviceprincipalnames":[],"hasspn":false,"displayname":null,"email":null,"title":null,"homedirectory":null,"userpassword":null,"unixpassword":null,"unicodepassword":null,"sfupassword":null,"logonscript":null,"profilepath":null,"admincount":false,"supportedencryptiontypes":null,"sidhistory":[]},"AllowedToDelegate":[],"PrimaryGroupSID":"S-1-5-21-4206227808-1041491186-562524811-514","HasSIDHistory":[],"SPNTargets":[],"UnconstrainedDelegation":false,"DomainSID":"S-1-5-21-4206227808-1041491186-562524811","Aces":[{"PrincipalSID":"CORP.LOCAL-S-1-5-32-544","PrincipalType":"Group","RightName":"Owns","IsInherited":false,"InheritanceHash":"","IsPermissionForOwnerRightsSid":false,"IsInheritedPermissionForOwnerRightsSid":false},{"PrincipalSID":"CORP.LOCAL-S-1-5-32-548","PrincipalType":"Group","RightName":"GenericAll","IsInherited":false,"InheritanceHash":"","IsPermissionForOwnerRightsSid":false,"IsInheritedPermissionForOwnerRightsSid":false},{"PrincipalSID":"S-1-5-21-4206227808-1041491186-562524811-512","PrincipalType":"Group","RightName":"GenericAll","IsInherited":false,"InheritanceHash":"","IsPermissionForOwnerRightsSid":false,"IsInheritedPermissionForOwnerRightsSid":false},{"PrincipalSID":"S-1-5-21-4206227808-1041491186-562524811-526","PrincipalType":"Group","RightName":"AddKeyCredentialLink","IsInherited":true,"InheritanceHash":"316953EB27F9FDF336DC575C5CC13F063C3E975C","IsPermissionForOwnerRightsSid":false,"IsInheritedPermissionForOwnerRightsSid":false},{"PrincipalSID":"S-1-5-21-4206227808-1041491186-562524811-527","PrincipalType":"Group","RightName":"AddKeyCredentialLink","IsInherited":true,"InheritanceHash":"A0463EEECD767D58271075A5611C1D05652D575C","IsPermissionForOwnerRightsSid":false,"IsInheritedPermissionForOwnerRightsSid":false},{"PrincipalSID":"S-1-5-21-4206227808-1041491186-562524811-1105","PrincipalType":"Group","RightName":"GenericWrite","IsInherited":true,"InheritanceHash":"C14B569222F8FEFCA92270BF1FAD96B177E5F97C","IsPermissionForOwnerRightsSid":false,"IsInheritedPermissionForOwnerRightsSid":false},{"PrincipalSID":"S-1-5-21-4206227808-1041491186-562524811-519","PrincipalType":"Group","RightName":"GenericAll","IsInherited":true,"InheritanceHash":"1B4AFE2DCDB3D339A287BB6D66254289F6398CAF","IsPermissionForOwnerRightsSid":false,"IsInheritedPermissionForOwnerRightsSid":false},{"PrincipalSID":"CORP.LOCAL-S-1-5-32-544","PrincipalType":"Group","RightName":"WriteDacl","IsInherited":true,"InheritanceHash":"62C26D4FB3FF64505B03CDD35D648DFBC6C157CC","IsPermissionForOwnerRightsSid":false,"IsInheritedPermissionForOwnerRightsSid":false},{"PrincipalSID":"CORP.LOCAL-S-1-5-32-544","PrincipalType":"Group","RightName":"WriteOwner","IsInherited":true,"InheritanceHash":"62C26D4FB3FF64505B03CDD35D648DFBC6C157CC","IsPermissionForOwnerRightsSid":false,"IsInheritedPermissionForOwnerRightsSid":false},{"PrincipalSID":"CORP.LOCAL-S-1-5-32-544","PrincipalType":"Group","RightName":"AllExtendedRights","IsInherited":true,"InheritanceHash":"62C26D4FB3FF64505B03CDD35D648DFBC6C157CC","IsPermissionForOwnerRightsSid":false,"IsInheritedPermissionForOwnerRightsSid":false},{"PrincipalSID":"CORP.LOCAL-S-1-5-32-544","PrincipalType":"Group","RightName":"GenericWrite","IsInherited":true,"InheritanceHash":"62C26D4FB3FF64505B03CDD35D648DFBC6C157CC","IsPermissionForOwnerRightsSid":false,"IsInheritedPermissionForOwnerRightsSid":false}],"ObjectIdentifier":"S-1-5-21-4206227808-1041491186-562524811-501","IsDeleted":false,"IsACLProtected":false,"ContainedBy":{"ObjectIdentifier":"16B47663-4637-48B1-981A-F415B425B53E","ObjectType":"Container"}},{"Properties":{"domain":"CORP.LOCAL","name":"BACKUP.ADMIN@CORP.LOCAL","distinguishedname":"CN=BACKUP ADMIN,CN=USERS,DC=CORP,DC=LOCAL","domainsid":"S-1-5-21-4206227808-1041491186-562524811","samaccountname":"backup.admin","doesanyacegrantownerrights":false,"doesanyinheritedacegrantownerrights":false,"isaclprotected":false,"adminsdholderprotected":false,"whencreated":1770029720,"sensitive":false,"dontreqpreauth":false,"passwordnotreqd":false,"unconstraineddelegation":false,"pwdneverexpires":true,"enabled":true,"trustedtoauth":false,"smartcardrequired":false,"encryptedtextpwdallowed":false,"usedeskeyonly":false,"logonscriptenabled":false,"lockedout":false,"passwordcantchange":false,"passwordexpired":false,"useraccountcontrol":66048,"lastlogon":0,"lastlogontimestamp":-1,"pwdlastset":1770029720,"serviceprincipalnames":["HTTP/backup.corp.local"],"hasspn":true,"displayname":"Backup Admin","email":null,"title":null,"homedirectory":null,"userpassword":null,"unixpassword":null,"unicodepassword":null,"sfupassword":null,"logonscript":null,"profilepath":null,"admincount":false,"supportedencryptiontypes":null,"sidhistory":[]},"AllowedToDelegate":[],"PrimaryGroupSID":"S-1-5-21-4206227808-1041491186-562524811-513","HasSIDHistory":[],"SPNTargets":[],"UnconstrainedDelegation":false,"DomainSID":"S-1-5-21-4206227808-1041491186-562524811","Aces":[{"PrincipalSID":"S-1-5-21-4206227808-1041491186-562524811-512","PrincipalType":"Group","RightName":"Owns","IsInherited":false,"InheritanceHash":"","IsPermissionForOwnerRightsSid":false,"IsInheritedPermissionForOwnerRightsSid":false},{"PrincipalSID":"CORP.LOCAL-S-1-5-32-548","PrincipalType":"Group","RightName":"GenericAll","IsInherited":false,"InheritanceHash":"","IsPermissionForOwnerRightsSid":false,"IsInheritedPermissionForOwnerRightsSid":false},{"PrincipalSID":"S-1-5-21-4206227808-1041491186-562524811-512","PrincipalType":"Group","RightName":"GenericAll","IsInherited":false,"InheritanceHash":"","IsPermissionForOwnerRightsSid":false,"IsInheritedPermissionForOwnerRightsSid":false},{"PrincipalSID":"S-1-5-21-4206227808-1041491186-562524811-526","PrincipalType":"Group","RightName":"AddKeyCredentialLink","IsInherited":true,"InheritanceHash":"316953EB27F9FDF336DC575C5CC13F063C3E975C","IsPermissionForOwnerRightsSid":false,"IsInheritedPermissionForOwnerRightsSid":false},{"PrincipalSID":"S-1-5-21-4206227808-1041491186-562524811-527","PrincipalType":"Group","RightName":"AddKeyCredentialLink","IsInherited":true,"InheritanceHash":"A0463EEECD767D58271075A5611C1D05652D575C","IsPermissionForOwnerRightsSid":false,"IsInheritedPermissionForOwnerRightsSid":false},{"PrincipalSID":"S-1-5-21-4206227808-1041491186-562524811-1105","PrincipalType":"Group","RightName":"GenericWrite","IsInherited":true,"InheritanceHash":"C14B569222F8FEFCA92270BF1FAD96B177E5F97C","IsPermissionForOwnerRightsSid":false,"IsInheritedPermissionForOwnerRightsSid":false},{"PrincipalSID":"S-1-5-21-4206227808-1041491186-562524811-519","PrincipalType":"Group","RightName":"GenericAll","IsInherited":true,"InheritanceHash":"1B4AFE2DCDB3D339A287BB6D66254289F6398CAF","IsPermissionForOwnerRightsSid":false,"IsInheritedPermissionForOwnerRightsSid":false},{"PrincipalSID":"CORP.LOCAL-S-1-5-32-544","PrincipalType":"Group","RightName":"WriteDacl","IsInherited":true,"InheritanceHash":"62C26D4FB3FF64505B03CDD35D648DFBC6C157CC","IsPermissionForOwnerRightsSid":false,"IsInheritedPermissionForOwnerRightsSid":false},{"PrincipalSID":"CORP.LOCAL-S-1-5-32-544","PrincipalType":"Group","RightName":"WriteOwner","IsInherited":true,"InheritanceHash":"62C26D4FB3FF64505B03CDD35D648DFBC6C157CC","IsPermissionForOwnerRightsSid":false,"IsInheritedPermissionForOwnerRightsSid":false},{"PrincipalSID":"CORP.LOCAL-S-1-5-32-544","PrincipalType":"Group","RightName":"AllExtendedRights","IsInherited":true,"InheritanceHash":"62C26D4FB3FF64505B03CDD35D648DFBC6C157CC","IsPermissionForOwnerRightsSid":false,"IsInheritedPermissionForOwnerRightsSid":false},{"PrincipalSID":"CORP.LOCAL-S-1-5-32-544","PrincipalType":"Group","RightName":"GenericWrite","IsInherited":true,"InheritanceHash":"62C26D4FB3FF64505B03CDD35D648DFBC6C157CC","IsPermissionForOwnerRightsSid":false,"IsInheritedPermissionForOwnerRightsSid":false}],"ObjectIdentifier":"S-1-5-21-4206227808-1041491186-562524811-1110","IsDeleted":false,"IsACLProtected":false,"ContainedBy":{"ObjectIdentifier":"16B47663-4637-48B1-981A-F415B425B53E","ObjectType":"Container"}},{"Properties":{"domain":"CORP.LOCAL","name":"KRBTGT@CORP.LOCAL","distinguishedname":"CN=KRBTGT,CN=USERS,DC=CORP,DC=LOCAL","domainsid":"S-1-5-21-4206227808-1041491186-562524811","samaccountname":"krbtgt","doesanyacegrantownerrights":false,"doesanyinheritedacegrantownerrights":false,"isaclprotected":true,"adminsdholderprotected":true,"description":"Key Distribution Center Service Account","whencreated":1769982172,"sensitive":false,"dontreqpreauth":false,"passwordnotreqd":false,"unconstraineddelegation":false,"pwdneverexpires":false,"enabled":false,"trustedtoauth":false,"smartcardrequired":false,"encryptedtextpwdallowed":false,"usedeskeyonly":false,"logonscriptenabled":false,"lockedout":false,"passwordcantchange":false,"passwordexpired":false,"useraccountcontrol":514,"lastlogon":0,"lastlogontimestamp":-1,"pwdlastset":1769982172,"serviceprincipalnames":["kadmin/changepw"],"hasspn":true,"displayname":null,"email":null,"title":null,"homedirectory":null,"userpassword":null,"unixpassword":null,"unicodepassword":null,"sfupassword":null,"logonscript":null,"profilepath":null,"admincount":true,"supportedencryptiontypes":["Not defined"],"sidhistory":[]},"AllowedToDelegate":[],"PrimaryGroupSID":"S-1-5-21-4206227808-1041491186-562524811-513","HasSIDHistory":[],"SPNTargets":[],"UnconstrainedDelegation":false,"DomainSID":"S-1-5-21-4206227808-1041491186-562524811","Aces":[{"PrincipalSID":"S-1-5-21-4206227808-1041491186-562524811-512","PrincipalType":"Group","RightName":"Owns","IsInherited":false,"InheritanceHash":"","IsPermissionForOwnerRightsSid":false,"IsInheritedPermissionForOwnerRightsSid":false},{"PrincipalSID":"CORP.LOCAL-S-1-5-32-544","PrincipalType":"Group","RightName":"WriteDacl","IsInherited":false,"InheritanceHash":"","IsPermissionForOwnerRightsSid":false,"IsInheritedPermissionForOwnerRightsSid":false},{"PrincipalSID":"CORP.LOCAL-S-1-5-32-544","PrincipalType":"Group","RightName":"WriteOwner","IsInherited":false,"InheritanceHash":"","IsPermissionForOwnerRightsSid":false,"IsInheritedPermissionForOwnerRightsSid":false},{"PrincipalSID":"CORP.LOCAL-S-1-5-32-544","PrincipalType":"Group","RightName":"AllExtendedRights","IsInherited":false,"InheritanceHash":"","IsPermissionForOwnerRightsSid":false,"IsInheritedPermissionForOwnerRightsSid":false},{"PrincipalSID":"CORP.LOCAL-S-1-5-32-544","PrincipalType":"Group","RightName":"GenericWrite","IsInherited":false,"InheritanceHash":"","IsPermissionForOwnerRightsSid":false,"IsInheritedPermissionForOwnerRightsSid":false},{"PrincipalSID":"S-1-5-21-4206227808-1041491186-562524811-512","PrincipalType":"Group","RightName":"WriteDacl","IsInherited":false,"InheritanceHash":"","IsPermissionForOwnerRightsSid":false,"IsInheritedPermissionForOwnerRightsSid":false},{"PrincipalSID":"S-1-5-21-4206227808-1041491186-562524811-512","PrincipalType":"Group","RightName":"WriteOwner","IsInherited":false,"InheritanceHash":"","IsPermissionForOwnerRightsSid":false,"IsInheritedPermissionForOwnerRightsSid":false},{"PrincipalSID":"S-1-5-21-4206227808-1041491186-562524811-512","PrincipalType":"Group","RightName":"AllExtendedRights","IsInherited":false,"InheritanceHash":"","IsPermissionForOwnerRightsSid":false,"IsInheritedPermissionForOwnerRightsSid":false},{"PrincipalSID":"S-1-5-21-4206227808-1041491186-562524811-512","PrincipalType":"Group","RightName":"GenericWrite","IsInherited":false,"InheritanceHash":"","IsPermissionForOwnerRightsSid":false,"IsInheritedPermissionForOwnerRightsSid":false},{"PrincipalSID":"S-1-5-21-4206227808-1041491186-562524811-519","PrincipalType":"Group","RightName":"WriteDacl","IsInherited":false,"InheritanceHash":"","IsPermissionForOwnerRightsSid":false,"IsInheritedPermissionForOwnerRightsSid":false},{"PrincipalSID":"S-1-5-21-4206227808-1041491186-562524811-519","PrincipalType":"Group","RightName":"WriteOwner","IsInherited":false,"InheritanceHash":"","IsPermissionForOwnerRightsSid":false,"IsInheritedPermissionForOwnerRightsSid":false},{"PrincipalSID":"S-1-5-21-4206227808-1041491186-562524811-519","PrincipalType":"Group","RightName":"AllExtendedRights","IsInherited":false,"InheritanceHash":"","IsPermissionForOwnerRightsSid":false,"IsInheritedPermissionForOwnerRightsSid":false},{"PrincipalSID":"S-1-5-21-4206227808-1041491186-562524811-519","PrincipalType":"Group","RightName":"GenericWrite","IsInherited":false,"InheritanceHash":"","IsPermissionForOwnerRightsSid":false,"IsInheritedPermissionForOwnerRightsSid":false}],"ObjectIdentifier":"S-1-5-21-4206227808-1041491186-562524811-502","IsDeleted":false,"IsACLProtected":true,"ContainedBy":{"ObjectIdentifier":"16B47663-4637-48B1-981A-F415B425B53E","ObjectType":"Container"}},{"Properties":{"name":"NETWORK SERVICE@CORP.LOCAL","domainsid":"S-1-5-21-4206227808-1041491186-562524811","domain":"CORP.LOCAL","reconcile":false},"AllowedToDelegate":[],"PrimaryGroupSID":null,"HasSIDHistory":[],"SPNTargets":[],"UnconstrainedDelegation":false,"DomainSID":null,"Aces":[],"ObjectIdentifier":"CORP.LOCAL-S-1-5-20","IsDeleted":false,"IsACLProtected":false,"ContainedBy":null},{"Properties":{"name":"IUSR@CORP.LOCAL","domainsid":"S-1-5-21-4206227808-1041491186-562524811","domain":"CORP.LOCAL","reconcile":false},"AllowedToDelegate":[],"PrimaryGroupSID":null,"HasSIDHistory":[],"SPNTargets":[],"UnconstrainedDelegation":false,"DomainSID":null,"Aces":[],"ObjectIdentifier":"CORP.LOCAL-S-1-5-17","IsDeleted":false,"IsACLProtected":false,"ContainedBy":null}],"meta":{"methods":15725567,"type":"users","count":8,"version":6,"collectorversion":"2.9.0.0"}}