{"data":[{"Properties":{"domain":"CORP.LOCAL","name":"DC01.CORP.LOCAL","distinguishedname":"CN=DC01,OU=DOMAIN CONTROLLERS,DC=CORP,DC=LOCAL","domainsid":"S-1-5-21-4206227808-1041491186-562524811","samaccountname":"DC01$","haslaps":false,"doesanyacegrantownerrights":false,"doesanyinheritedacegrantownerrights":false,"isaclprotected":false,"adminsdholderprotected":false,"whencreated":1769982172,"enabled":true,"unconstraineddelegation":true,"trustedtoauth":false,"isdc":true,"isreadonlydc":false,"encryptedtextpwdallowed":false,"usedeskeyonly":false,"logonscriptenabled":false,"lockedout":false,"passwordexpired":false,"supportedencryptiontypes":["RC4-HMAC-MD5","AES128-CTS-HMAC-SHA1-96","AES256-CTS-HMAC-SHA1-96"],"admincount":false,"lastlogon":1770192485,"lastlogontimestamp":1769982212,"pwdlastset":1769982203,"serviceprincipalnames":["Dfsr-12F9A27C-BF97-4787-9364-D31B6C55EB04/DC01.corp.local","ldap/DC01.corp.local/ForestDnsZones.corp.local","ldap/DC01.corp.local/DomainDnsZones.corp.local","DNS/DC01.corp.local","GC/DC01.corp.local/corp.local","RestrictedKrbHost/DC01.corp.local","RestrictedKrbHost/DC01","RPC/91745d10-8f25-4a73-acc7-1ecb39f6297f._msdcs.corp.local","HOST/DC01/CORP","HOST/DC01.corp.local/CORP","HOST/DC01","HOST/DC01.corp.local","HOST/DC01.corp.local/corp.local","E3514235-4B06-11D1-AB04-00C04FC2DCD2/91745d10-8f25-4a73-acc7-1ecb39f6297f/corp.local","ldap/DC01/CORP","ldap/91745d10-8f25-4a73-acc7-1ecb39f6297f._msdcs.corp.local","ldap/DC01.corp.local/CORP","ldap/DC01","ldap/DC01.corp.local","ldap/DC01.corp.local/corp.local"],"email":null,"useraccountcontrol":532480,"operatingsystem":"Windows Server 2022 Standard Evaluation","sidhistory":[],"objectguid":"AB4A6512-984B-498C-B12E-FF5407D36B00","ldapavailable":true,"ldapsavailable":true,"ldapsepa":true,"ldapsigning":true},"PrimaryGroupSID":"S-1-5-21-4206227808-1041491186-562524811-516","AllowedToDelegate":[],"AllowedToAct":[],"HasSIDHistory":[],"DumpSMSAPassword":[],"Sessions":{"Results":[],"Collected":false,"FailureReason":"ErrorAccessDenied"},"PrivilegedSessions":{"Results":[],"Collected":false,"FailureReason":"ErrorAccessDenied"},"RegistrySessions":{"Results":[{"UserSID":"S-1-5-21-4206227808-1041491186-562524811-500","ComputerSID":"S-1-5-21-4206227808-1041491186-562524811-1000"}],"Collected":true,"FailureReason":null},"LocalGroups":[{"ObjectIdentifier":"CORP.LOCAL-S-1-5-32-549","Name":"IGNOREME","Results":[],"LocalNames":[],"Collected":true,"FailureReason":null},{"ObjectIdentifier":"CORP.LOCAL-S-1-5-32-548","Name":"IGNOREME","Results":[],"LocalNames":[],"Collected":true,"FailureReason":null},{"ObjectIdentifier":"CORP.LOCAL-S-1-5-32-554","Name":"IGNOREME","Results":[{"ObjectIdentifier":"CORP.LOCAL-S-1-5-11","ObjectType":"Group"}],"LocalNames":[],"Collected":true,"FailureReason":null},{"ObjectIdentifier":"CORP.LOCAL-S-1-5-32-557","Name":"IGNOREME","Results":[],"LocalNames":[],"Collected":true,"FailureReason":null},{"ObjectIdentifier":"CORP.LOCAL-S-1-5-32-560","Name":"IGNOREME","Results":[{"ObjectIdentifier":"CORP.LOCAL-S-1-5-9","ObjectType":"Group"}],"LocalNames":[],"Collected":true,"FailureReason":null},{"ObjectIdentifier":"CORP.LOCAL-S-1-5-32-561","Name":"IGNOREME","Results":[],"LocalNames":[],"Collected":true,"FailureReason":null},{"ObjectIdentifier":"CORP.LOCAL-S-1-5-32-544","Name":"IGNOREME","Results":[{"ObjectIdentifier":"S-1-5-21-4206227808-1041491186-562524811-500","ObjectType":"User"},{"ObjectIdentifier":"S-1-5-21-4206227808-1041491186-562524811-519","ObjectType":"Group"},{"ObjectIdentifier":"S-1-5-21-4206227808-1041491186-562524811-512","ObjectType":"Group"}],"LocalNames":[],"Collected":true,"FailureReason":null},{"ObjectIdentifier":"CORP.LOCAL-S-1-5-32-545","Name":"IGNOREME","Results":[{"ObjectIdentifier":"CORP.LOCAL-S-1-5-11","ObjectType":"Group"},{"ObjectIdentifier":"S-1-5-21-4206227808-1041491186-562524811-513","ObjectType":"Group"}],"LocalNames":[],"Collected":true,"FailureReason":null},{"ObjectIdentifier":"CORP.LOCAL-S-1-5-32-546","Name":"IGNOREME","Results":[{"ObjectIdentifier":"S-1-5-21-4206227808-1041491186-562524811-501","ObjectType":"User"},{"ObjectIdentifier":"S-1-5-21-4206227808-1041491186-562524811-514","ObjectType":"Group"}],"LocalNames":[],"Collected":true,"FailureReason":null},{"ObjectIdentifier":"CORP.LOCAL-S-1-5-32-550","Name":"IGNOREME","Results":[],"LocalNames":[],"Collected":true,"FailureReason":null},{"ObjectIdentifier":"CORP.LOCAL-S-1-5-32-551","Name":"IGNOREME","Results":[],"LocalNames":[],"Collected":true,"FailureReason":null},{"ObjectIdentifier":"CORP.LOCAL-S-1-5-32-552","Name":"IGNOREME","Results":[],"LocalNames":[],"Collected":true,"FailureReason":null},{"ObjectIdentifier":"CORP.LOCAL-S-1-5-32-555","Name":"IGNOREME","Results":[],"LocalNames":[],"Collected":true,"FailureReason":null},{"ObjectIdentifier":"CORP.LOCAL-S-1-5-32-556","Name":"IGNOREME","Results":[],"LocalNames":[],"Collected":true,"FailureReason":null},{"ObjectIdentifier":"CORP.LOCAL-S-1-5-32-558","Name":"IGNOREME","Results":[],"LocalNames":[],"Collected":true,"FailureReason":null},{"ObjectIdentifier":"CORP.LOCAL-S-1-5-32-559","Name":"IGNOREME","Results":[],"LocalNames":[],"Collected":true,"FailureReason":null},{"ObjectIdentifier":"CORP.LOCAL-S-1-5-32-562","Name":"IGNOREME","Results":[],"LocalNames":[],"Collected":true,"FailureReason":null},{"ObjectIdentifier":"CORP.LOCAL-S-1-5-32-568","Name":"IGNOREME","Results":[],"LocalNames":[],"Collected":true,"FailureReason":null},{"ObjectIdentifier":"CORP.LOCAL-S-1-5-32-569","Name":"IGNOREME","Results":[],"LocalNames":[],"Collected":true,"FailureReason":null},{"ObjectIdentifier":"CORP.LOCAL-S-1-5-32-573","Name":"IGNOREME","Results":[],"LocalNames":[],"Collected":true,"FailureReason":null},{"ObjectIdentifier":"CORP.LOCAL-S-1-5-32-574","Name":"IGNOREME","Results":[],"LocalNames":[],"Collected":true,"FailureReason":null},{"ObjectIdentifier":"CORP.LOCAL-S-1-5-32-575","Name":"IGNOREME","Results":[],"LocalNames":[],"Collected":true,"FailureReason":null},{"ObjectIdentifier":"CORP.LOCAL-S-1-5-32-576","Name":"IGNOREME","Results":[],"LocalNames":[],"Collected":true,"FailureReason":null},{"ObjectIdentifier":"CORP.LOCAL-S-1-5-32-577","Name":"IGNOREME","Results":[],"LocalNames":[],"Collected":true,"FailureReason":null},{"ObjectIdentifier":"CORP.LOCAL-S-1-5-32-578","Name":"IGNOREME","Results":[],"LocalNames":[],"Collected":true,"FailureReason":null},{"ObjectIdentifier":"CORP.LOCAL-S-1-5-32-579","Name":"IGNOREME","Results":[],"LocalNames":[],"Collected":true,"FailureReason":null},{"ObjectIdentifier":"CORP.LOCAL-S-1-5-32-580","Name":"IGNOREME","Results":[],"LocalNames":[],"Collected":true,"FailureReason":null},{"ObjectIdentifier":"CORP.LOCAL-S-1-5-32-582","Name":"IGNOREME","Results":[],"LocalNames":[],"Collected":true,"FailureReason":null}],"UserRights":[{"Privilege":"SeRemoteInteractiveLogonRight","Results":[],"LocalNames":[],"Collected":false,"FailureReason":"LSAEnumerateAccountsWithUserRights returned StatusAccessDenied"}],"DCRegistryData":{"CertificateMappingMethods":{"Value":0,"Collected":false,"FailureReason":"User does not have the proper permissions to perform this operation"},"StrongCertificateBindingEnforcement":{"Value":0,"Collected":false,"FailureReason":"User does not have the proper permissions to perform this operation"},"VulnerableNetlogonSecurityDescriptor":{"Value":null,"Collected":false,"FailureReason":"User does not have the proper permissions to perform this operation"}},"Status":null,"IsDC":true,"UnconstrainedDelegation":true,"DomainSID":"S-1-5-21-4206227808-1041491186-562524811","IsWebClientRunning":{"Result":false,"Collected":true,"FailureReason":null},"SmbInfo":{"Result":{"SigningEnabled":true},"Collected":true,"FailureReason":null},"NtlmSessions":null,"NTLMRegistryData":{"Result":null,"Collected":false,"FailureReason":"DotNetWmiRegistryStrategy: Collector failed: The RPC server is unavailable.\r\n.\nInner Exception: \nRemoteRegistryStrategy: Collector failed: Failed to enumerate registry on DC01.CORP.LOCAL: SharpHoundRPC.Registry.RemoteRegistryException: Failed to enumerate registry key SYSTEM\\CurrentControlSet\\Control\\Lsa\\MSV1_0 ---> System.Security.SecurityException: Requested registry access is not allowed.\r\n   at System.ThrowHelper.ThrowSecurityException(ExceptionResource resource)\r\n   at Microsoft.Win32.RegistryKey.OpenSubKey(String name, Boolean writable)\r\n   at SharpHoundRPC.Registry.RemoteRegistryStrategy.EnumerateKey(RegistryKey baseKey, String keyPath, RegistryQuery query)\r\n   --- End of inner exception stack trace ---\r\n   at SharpHoundRPC.Registry.RemoteRegistryStrategy.EnumerateKey(RegistryKey baseKey, String keyPath, RegistryQuery query)\r\n   at SharpHoundRPC.Registry.RemoteRegistryStrategy.<>c__DisplayClass4_0.<ExecuteAsync>b__0().\nInner Exception: SharpHoundRPC.Registry.RemoteRegistryException: Failed to enumerate registry key SYSTEM\\CurrentControlSet\\Control\\Lsa\\MSV1_0 ---> System.Security.SecurityException: Requested registry access is not allowed.\r\n   at System.ThrowHelper.ThrowSecurityException(ExceptionResource resource)\r\n   at Microsoft.Win32.RegistryKey.OpenSubKey(String name, Boolean writable)\r\n   at SharpHoundRPC.Registry.RemoteRegistryStrategy.EnumerateKey(RegistryKey baseKey, String keyPath, RegistryQuery query)\r\n   --- End of inner exception stack trace ---\r\n   at SharpHoundRPC.Registry.RemoteRegistryStrategy.EnumerateKey(RegistryKey baseKey, String keyPath, RegistryQuery query)\r\n   at SharpHoundRPC.Registry.RemoteRegistryStrategy.<>c__DisplayClass4_0.<ExecuteAsync>b__0()"},"Aces":[{"PrincipalSID":"S-1-5-21-4206227808-1041491186-562524811-512","PrincipalType":"Group","RightName":"Owns","IsInherited":false,"InheritanceHash":"","IsPermissionForOwnerRightsSid":false,"IsInheritedPermissionForOwnerRightsSid":false},{"PrincipalSID":"S-1-5-21-4206227808-1041491186-562524811-512","PrincipalType":"Group","RightName":"GenericAll","IsInherited":false,"InheritanceHash":"","IsPermissionForOwnerRightsSid":false,"IsInheritedPermissionForOwnerRightsSid":false},{"PrincipalSID":"S-1-5-21-4206227808-1041491186-562524811-512","PrincipalType":"Group","RightName":"WriteAccountRestrictions","IsInherited":false,"InheritanceHash":"","IsPermissionForOwnerRightsSid":false,"IsInheritedPermissionForOwnerRightsSid":false},{"PrincipalSID":"S-1-5-21-4206227808-1041491186-562524811-526","PrincipalType":"Group","RightName":"AddKeyCredentialLink","IsInherited":true,"InheritanceHash":"316953EB27F9FDF336DC575C5CC13F063C3E975C","IsPermissionForOwnerRightsSid":false,"IsInheritedPermissionForOwnerRightsSid":false},{"PrincipalSID":"S-1-5-21-4206227808-1041491186-562524811-527","PrincipalType":"Group","RightName":"AddKeyCredentialLink","IsInherited":true,"InheritanceHash":"A0463EEECD767D58271075A5611C1D05652D575C","IsPermissionForOwnerRightsSid":false,"IsInheritedPermissionForOwnerRightsSid":false},{"PrincipalSID":"S-1-5-21-4206227808-1041491186-562524811-1105","PrincipalType":"Group","RightName":"GenericWrite","IsInherited":true,"InheritanceHash":"C14B569222F8FEFCA92270BF1FAD96B177E5F97C","IsPermissionForOwnerRightsSid":false,"IsInheritedPermissionForOwnerRightsSid":false},{"PrincipalSID":"S-1-5-21-4206227808-1041491186-562524811-519","PrincipalType":"Group","RightName":"GenericAll","IsInherited":true,"InheritanceHash":"1B4AFE2DCDB3D339A287BB6D66254289F6398CAF","IsPermissionForOwnerRightsSid":false,"IsInheritedPermissionForOwnerRightsSid":false},{"PrincipalSID":"CORP.LOCAL-S-1-5-32-544","PrincipalType":"Group","RightName":"WriteDacl","IsInherited":true,"InheritanceHash":"62C26D4FB3FF64505B03CDD35D648DFBC6C157CC","IsPermissionForOwnerRightsSid":false,"IsInheritedPermissionForOwnerRightsSid":false},{"PrincipalSID":"CORP.LOCAL-S-1-5-32-544","PrincipalType":"Group","RightName":"WriteOwner","IsInherited":true,"InheritanceHash":"62C26D4FB3FF64505B03CDD35D648DFBC6C157CC","IsPermissionForOwnerRightsSid":false,"IsInheritedPermissionForOwnerRightsSid":false},{"PrincipalSID":"CORP.LOCAL-S-1-5-32-544","PrincipalType":"Group","RightName":"GenericWrite","IsInherited":true,"InheritanceHash":"62C26D4FB3FF64505B03CDD35D648DFBC6C157CC","IsPermissionForOwnerRightsSid":false,"IsInheritedPermissionForOwnerRightsSid":false}],"ObjectIdentifier":"S-1-5-21-4206227808-1041491186-562524811-1000","IsDeleted":false,"IsACLProtected":false,"ContainedBy":{"ObjectIdentifier":"45A5AA52-A953-4A2B-96CE-2BBAACB20A4B","ObjectType":"OU"}}],"meta":{"methods":15725567,"type":"computers","count":1,"version":6,"collectorversion":"2.9.0.0"}}