{"data":[{"Properties":{"domain":"CORP.LOCAL","name":"DEFAULT DOMAIN POLICY@CORP.LOCAL","distinguishedname":"CN={31B2F340-016D-11D2-945F-00C04FB984F9},CN=POLICIES,CN=SYSTEM,DC=CORP,DC=LOCAL","domainsid":"S-1-5-21-4206227808-1041491186-562524811","doesanyacegrantownerrights":false,"doesanyinheritedacegrantownerrights":false,"isaclprotected":true,"whencreated":1769982122,"gpcpath":"\\\\CORP.LOCAL\\SYSVOL\\CORP.LOCAL\\POLICIES\\{31B2F340-016D-11D2-945F-00C04FB984F9}","gpostatus":"0"},"Aces":[{"PrincipalSID":"S-1-5-21-4206227808-1041491186-562524811-512","PrincipalType":"Group","RightName":"Owns","IsInherited":false,"InheritanceHash":"","IsPermissionForOwnerRightsSid":false,"IsInheritedPermissionForOwnerRightsSid":false},{"PrincipalSID":"S-1-5-21-4206227808-1041491186-562524811-512","PrincipalType":"Group","RightName":"WriteDacl","IsInherited":false,"InheritanceHash":"","IsPermissionForOwnerRightsSid":false,"IsInheritedPermissionForOwnerRightsSid":false},{"PrincipalSID":"S-1-5-21-4206227808-1041491186-562524811-512","PrincipalType":"Group","RightName":"WriteOwner","IsInherited":false,"InheritanceHash":"","IsPermissionForOwnerRightsSid":false,"IsInheritedPermissionForOwnerRightsSid":false},{"PrincipalSID":"S-1-5-21-4206227808-1041491186-562524811-512","PrincipalType":"Group","RightName":"GenericWrite","IsInherited":false,"InheritanceHash":"","IsPermissionForOwnerRightsSid":false,"IsInheritedPermissionForOwnerRightsSid":false},{"PrincipalSID":"S-1-5-21-4206227808-1041491186-562524811-512","PrincipalType":"Group","RightName":"WriteDacl","IsInherited":false,"InheritanceHash":"","IsPermissionForOwnerRightsSid":false,"IsInheritedPermissionForOwnerRightsSid":false},{"PrincipalSID":"S-1-5-21-4206227808-1041491186-562524811-512","PrincipalType":"Group","RightName":"WriteOwner","IsInherited":false,"InheritanceHash":"","IsPermissionForOwnerRightsSid":false,"IsInheritedPermissionForOwnerRightsSid":false},{"PrincipalSID":"S-1-5-21-4206227808-1041491186-562524811-512","PrincipalType":"Group","RightName":"GenericWrite","IsInherited":false,"InheritanceHash":"","IsPermissionForOwnerRightsSid":false,"IsInheritedPermissionForOwnerRightsSid":false},{"PrincipalSID":"S-1-5-21-4206227808-1041491186-562524811-519","PrincipalType":"Group","RightName":"WriteDacl","IsInherited":false,"InheritanceHash":"","IsPermissionForOwnerRightsSid":false,"IsInheritedPermissionForOwnerRightsSid":false},{"PrincipalSID":"S-1-5-21-4206227808-1041491186-562524811-519","PrincipalType":"Group","RightName":"WriteOwner","IsInherited":false,"InheritanceHash":"","IsPermissionForOwnerRightsSid":false,"IsInheritedPermissionForOwnerRightsSid":false},{"PrincipalSID":"S-1-5-21-4206227808-1041491186-562524811-519","PrincipalType":"Group","RightName":"GenericWrite","IsInherited":false,"InheritanceHash":"","IsPermissionForOwnerRightsSid":false,"IsInheritedPermissionForOwnerRightsSid":false}],"ObjectIdentifier":"78AD1880-7B88-40C6-B592-9DD100451933","IsDeleted":false,"IsACLProtected":true,"ContainedBy":null},{"Properties":{"domain":"CORP.LOCAL","name":"DEFAULT DOMAIN CONTROLLERS POLICY@CORP.LOCAL","distinguishedname":"CN={6AC1786C-016F-11D2-945F-00C04FB984F9},CN=POLICIES,CN=SYSTEM,DC=CORP,DC=LOCAL","domainsid":"S-1-5-21-4206227808-1041491186-562524811","doesanyacegrantownerrights":false,"doesanyinheritedacegrantownerrights":false,"isaclprotected":true,"whencreated":1769982122,"gpcpath":"\\\\CORP.LOCAL\\SYSVOL\\CORP.LOCAL\\POLICIES\\{6AC1786C-016F-11D2-945F-00C04FB984F9}","gpostatus":"0"},"Aces":[{"PrincipalSID":"S-1-5-21-4206227808-1041491186-562524811-512","PrincipalType":"Group","RightName":"Owns","IsInherited":false,"InheritanceHash":"","IsPermissionForOwnerRightsSid":false,"IsInheritedPermissionForOwnerRightsSid":false},{"PrincipalSID":"S-1-5-21-4206227808-1041491186-562524811-512","PrincipalType":"Group","RightName":"WriteDacl","IsInherited":false,"InheritanceHash":"","IsPermissionForOwnerRightsSid":false,"IsInheritedPermissionForOwnerRightsSid":false},{"PrincipalSID":"S-1-5-21-4206227808-1041491186-562524811-512","PrincipalType":"Group","RightName":"WriteOwner","IsInherited":false,"InheritanceHash":"","IsPermissionForOwnerRightsSid":false,"IsInheritedPermissionForOwnerRightsSid":false},{"PrincipalSID":"S-1-5-21-4206227808-1041491186-562524811-512","PrincipalType":"Group","RightName":"GenericWrite","IsInherited":false,"InheritanceHash":"","IsPermissionForOwnerRightsSid":false,"IsInheritedPermissionForOwnerRightsSid":false},{"PrincipalSID":"S-1-5-21-4206227808-1041491186-562524811-512","PrincipalType":"Group","RightName":"WriteDacl","IsInherited":false,"InheritanceHash":"","IsPermissionForOwnerRightsSid":false,"IsInheritedPermissionForOwnerRightsSid":false},{"PrincipalSID":"S-1-5-21-4206227808-1041491186-562524811-512","PrincipalType":"Group","RightName":"WriteOwner","IsInherited":false,"InheritanceHash":"","IsPermissionForOwnerRightsSid":false,"IsInheritedPermissionForOwnerRightsSid":false},{"PrincipalSID":"S-1-5-21-4206227808-1041491186-562524811-512","PrincipalType":"Group","RightName":"GenericWrite","IsInherited":false,"InheritanceHash":"","IsPermissionForOwnerRightsSid":false,"IsInheritedPermissionForOwnerRightsSid":false},{"PrincipalSID":"S-1-5-21-4206227808-1041491186-562524811-519","PrincipalType":"Group","RightName":"WriteDacl","IsInherited":false,"InheritanceHash":"","IsPermissionForOwnerRightsSid":false,"IsInheritedPermissionForOwnerRightsSid":false},{"PrincipalSID":"S-1-5-21-4206227808-1041491186-562524811-519","PrincipalType":"Group","RightName":"WriteOwner","IsInherited":false,"InheritanceHash":"","IsPermissionForOwnerRightsSid":false,"IsInheritedPermissionForOwnerRightsSid":false},{"PrincipalSID":"S-1-5-21-4206227808-1041491186-562524811-519","PrincipalType":"Group","RightName":"GenericWrite","IsInherited":false,"InheritanceHash":"","IsPermissionForOwnerRightsSid":false,"IsInheritedPermissionForOwnerRightsSid":false}],"ObjectIdentifier":"BCF63FF8-6C53-4302-9216-D7D18597D520","IsDeleted":false,"IsACLProtected":true,"ContainedBy":null}],"meta":{"methods":15725567,"type":"gpos","count":2,"version":6,"collectorversion":"2.9.0.0"}}