{"data":[{"GPOChanges":{"LocalAdmins":[],"RemoteDesktopUsers":[],"DcomUsers":[],"PSRemoteUsers":[],"AffectedComputers":[{"ObjectIdentifier":"S-1-5-21-4206227808-1041491186-562524811-1000","ObjectType":"Computer"}]},"Properties":{"domain":"CORP.LOCAL","name":"CORP.LOCAL","distinguishedname":"DC=CORP,DC=LOCAL","domainsid":"S-1-5-21-4206227808-1041491186-562524811","doesanyacegrantownerrights":false,"doesanyinheritedacegrantownerrights":false,"isaclprotected":false,"whencreated":1769982117,"expirepasswordsonsmartcardonlyaccounts":true,"machineaccountquota":10,"minpwdlength":7,"pwdproperties":1,"pwdhistorylength":24,"lockoutthreshold":0,"minpwdage":"1 day","maxpwdage":"42 days","lockoutduration":"30 minutes","lockoutobservationwindow":-18000000000,"functionallevel":"2016","netbios":"CORP","dsheuristics":null,"collected":true},"ChildObjects":[],"Trusts":[],"Links":[{"IsEnforced":false,"GUID":"78AD1880-7B88-40C6-B592-9DD100451933"}],"InheritanceHashes":["62C26D4FB3FF64505B03CDD35D648DFBC6C157CC","8A7E70B9447D3D266713CC63539109610AAA6F86","1B4AFE2DCDB3D339A287BB6D66254289F6398CAF","3394B12047D813D8E785125F70F036295659396E","C8CE4AAA5C895484A901F72D613EFA95438BFA1A","82F1118FBA43CD2991735436A4256B6401296391","1E2C5E5D6036945B25A0266659639802036FDAE6","59E396EE9D1563738E09F4AFF5AD9F6A2B49ED81","79E657916A6257A3890516F4B5C5749385CE5F20","8F98BE23EF0F9767559FBEAB131B2C5A4BEBD3D6","071E9D07A61B031233EB2CB44ABC2363AA4BA22F","EE7C62BD0BDA67AA9375734AD13D1B6CC290585E","3DE3D31BBEDBB149C22B91C4D5D825C27516FC5F","743D89658154E650805272325F934263D6151DED","DD535FBD6F04B9160C8671CC680E942E29CB9B0E","8C74E47810A59795113F55CA35B1B0DBD66C3F83","195BDF5C18EF348D1E32B3776E15256C3BE6D538","82CDB193747C1F5C2D0BE388A2B7581B8224D361","B6558A8F4A0E7763D7A4B70E4EDA03989DA879C1","316953EB27F9FDF336DC575C5CC13F063C3E975C","A0463EEECD767D58271075A5611C1D05652D575C","89500A7B8F6EDE030AB8A86D2D5FBB84F7B47615","119D4779B1ACEF73B202459B9887FFEBAF32B3D3","C14B569222F8FEFCA92270BF1FAD96B177E5F97C"],"ForestRootIdentifier":"S-1-5-21-4206227808-1041491186-562524811","Aces":[{"PrincipalSID":"CORP.LOCAL-S-1-5-32-544","PrincipalType":"Group","RightName":"Owns","IsInherited":false,"InheritanceHash":"","IsPermissionForOwnerRightsSid":false,"IsInheritedPermissionForOwnerRightsSid":false},{"PrincipalSID":"CORP.LOCAL-S-1-5-32-544","PrincipalType":"Group","RightName":"WriteDacl","IsInherited":false,"InheritanceHash":"","IsPermissionForOwnerRightsSid":false,"IsInheritedPermissionForOwnerRightsSid":false},{"PrincipalSID":"CORP.LOCAL-S-1-5-32-544","PrincipalType":"Group","RightName":"WriteOwner","IsInherited":false,"InheritanceHash":"","IsPermissionForOwnerRightsSid":false,"IsInheritedPermissionForOwnerRightsSid":false},{"PrincipalSID":"CORP.LOCAL-S-1-5-32-544","PrincipalType":"Group","RightName":"AllExtendedRights","IsInherited":false,"InheritanceHash":"","IsPermissionForOwnerRightsSid":false,"IsInheritedPermissionForOwnerRightsSid":false},{"PrincipalSID":"CORP.LOCAL-S-1-5-32-544","PrincipalType":"Group","RightName":"GenericWrite","IsInherited":false,"InheritanceHash":"","IsPermissionForOwnerRightsSid":false,"IsInheritedPermissionForOwnerRightsSid":false},{"PrincipalSID":"S-1-5-21-4206227808-1041491186-562524811-512","PrincipalType":"Group","RightName":"WriteDacl","IsInherited":false,"InheritanceHash":"","IsPermissionForOwnerRightsSid":false,"IsInheritedPermissionForOwnerRightsSid":false},{"PrincipalSID":"S-1-5-21-4206227808-1041491186-562524811-512","PrincipalType":"Group","RightName":"WriteOwner","IsInherited":false,"InheritanceHash":"","IsPermissionForOwnerRightsSid":false,"IsInheritedPermissionForOwnerRightsSid":false},{"PrincipalSID":"S-1-5-21-4206227808-1041491186-562524811-512","PrincipalType":"Group","RightName":"AllExtendedRights","IsInherited":false,"InheritanceHash":"","IsPermissionForOwnerRightsSid":false,"IsInheritedPermissionForOwnerRightsSid":false},{"PrincipalSID":"S-1-5-21-4206227808-1041491186-562524811-512","PrincipalType":"Group","RightName":"GenericWrite","IsInherited":false,"InheritanceHash":"","IsPermissionForOwnerRightsSid":false,"IsInheritedPermissionForOwnerRightsSid":false},{"PrincipalSID":"S-1-5-21-4206227808-1041491186-562524811-519","PrincipalType":"Group","RightName":"GenericAll","IsInherited":false,"InheritanceHash":"","IsPermissionForOwnerRightsSid":false,"IsInheritedPermissionForOwnerRightsSid":false},{"PrincipalSID":"CORP.LOCAL-S-1-5-9","PrincipalType":"Group","RightName":"GetChangesInFilteredSet","IsInherited":false,"InheritanceHash":"","IsPermissionForOwnerRightsSid":false,"IsInheritedPermissionForOwnerRightsSid":false},{"PrincipalSID":"CORP.LOCAL-S-1-5-9","PrincipalType":"Group","RightName":"GetChanges","IsInherited":false,"InheritanceHash":"","IsPermissionForOwnerRightsSid":false,"IsInheritedPermissionForOwnerRightsSid":false},{"PrincipalSID":"CORP.LOCAL-S-1-5-32-544","PrincipalType":"Group","RightName":"GetChangesAll","IsInherited":false,"InheritanceHash":"","IsPermissionForOwnerRightsSid":false,"IsInheritedPermissionForOwnerRightsSid":false},{"PrincipalSID":"CORP.LOCAL-S-1-5-32-544","PrincipalType":"Group","RightName":"GetChanges","IsInherited":false,"InheritanceHash":"","IsPermissionForOwnerRightsSid":false,"IsInheritedPermissionForOwnerRightsSid":false},{"PrincipalSID":"CORP.LOCAL-S-1-5-32-544","PrincipalType":"Group","RightName":"GetChangesInFilteredSet","IsInherited":false,"InheritanceHash":"","IsPermissionForOwnerRightsSid":false,"IsInheritedPermissionForOwnerRightsSid":false},{"PrincipalSID":"S-1-5-21-4206227808-1041491186-562524811-498","PrincipalType":"Group","RightName":"GetChanges","IsInherited":false,"InheritanceHash":"","IsPermissionForOwnerRightsSid":false,"IsInheritedPermissionForOwnerRightsSid":false},{"PrincipalSID":"S-1-5-21-4206227808-1041491186-562524811-516","PrincipalType":"Group","RightName":"GetChangesAll","IsInherited":false,"InheritanceHash":"","IsPermissionForOwnerRightsSid":false,"IsInheritedPermissionForOwnerRightsSid":false},{"PrincipalSID":"S-1-5-21-4206227808-1041491186-562524811-1105","PrincipalType":"Group","RightName":"GenericWrite","IsInherited":false,"InheritanceHash":"","IsPermissionForOwnerRightsSid":false,"IsInheritedPermissionForOwnerRightsSid":false}],"ObjectIdentifier":"S-1-5-21-4206227808-1041491186-562524811","IsDeleted":false,"IsACLProtected":false,"ContainedBy":null}],"meta":{"methods":15725567,"type":"domains","count":1,"version":6,"collectorversion":"2.9.0.0"}}