{"data":[{"GPOChanges":{"LocalAdmins":[],"RemoteDesktopUsers":[],"DcomUsers":[],"PSRemoteUsers":[],"AffectedComputers":[{"ObjectIdentifier":"S-1-5-21-4206227808-1041491186-562524811-1000","ObjectType":"Computer"}]},"Properties":{"domain":"CORP.LOCAL","name":"DOMAIN CONTROLLERS@CORP.LOCAL","distinguishedname":"OU=DOMAIN CONTROLLERS,DC=CORP,DC=LOCAL","domainsid":"S-1-5-21-4206227808-1041491186-562524811","doesanyacegrantownerrights":false,"doesanyinheritedacegrantownerrights":false,"isaclprotected":false,"description":"Default container for domain controllers","whencreated":1769982122,"blocksinheritance":false},"Links":[{"IsEnforced":false,"GUID":"BCF63FF8-6C53-4302-9216-D7D18597D520"}],"ChildObjects":[],"InheritanceHashes":[],"Aces":[{"PrincipalSID":"S-1-5-21-4206227808-1041491186-562524811-512","PrincipalType":"Group","RightName":"Owns","IsInherited":false,"InheritanceHash":"","IsPermissionForOwnerRightsSid":false,"IsInheritedPermissionForOwnerRightsSid":false},{"PrincipalSID":"S-1-5-21-4206227808-1041491186-562524811-512","PrincipalType":"Group","RightName":"WriteDacl","IsInherited":false,"InheritanceHash":"","IsPermissionForOwnerRightsSid":false,"IsInheritedPermissionForOwnerRightsSid":false},{"PrincipalSID":"S-1-5-21-4206227808-1041491186-562524811-512","PrincipalType":"Group","RightName":"WriteOwner","IsInherited":false,"InheritanceHash":"","IsPermissionForOwnerRightsSid":false,"IsInheritedPermissionForOwnerRightsSid":false},{"PrincipalSID":"S-1-5-21-4206227808-1041491186-562524811-512","PrincipalType":"Group","RightName":"GenericWrite","IsInherited":false,"InheritanceHash":"","IsPermissionForOwnerRightsSid":false,"IsInheritedPermissionForOwnerRightsSid":false},{"PrincipalSID":"S-1-5-21-4206227808-1041491186-562524811-1105","PrincipalType":"Group","RightName":"GenericWrite","IsInherited":true,"InheritanceHash":"C14B569222F8FEFCA92270BF1FAD96B177E5F97C","IsPermissionForOwnerRightsSid":false,"IsInheritedPermissionForOwnerRightsSid":false},{"PrincipalSID":"S-1-5-21-4206227808-1041491186-562524811-519","PrincipalType":"Group","RightName":"GenericAll","IsInherited":true,"InheritanceHash":"1B4AFE2DCDB3D339A287BB6D66254289F6398CAF","IsPermissionForOwnerRightsSid":false,"IsInheritedPermissionForOwnerRightsSid":false},{"PrincipalSID":"CORP.LOCAL-S-1-5-32-544","PrincipalType":"Group","RightName":"WriteDacl","IsInherited":true,"InheritanceHash":"62C26D4FB3FF64505B03CDD35D648DFBC6C157CC","IsPermissionForOwnerRightsSid":false,"IsInheritedPermissionForOwnerRightsSid":false},{"PrincipalSID":"CORP.LOCAL-S-1-5-32-544","PrincipalType":"Group","RightName":"WriteOwner","IsInherited":true,"InheritanceHash":"62C26D4FB3FF64505B03CDD35D648DFBC6C157CC","IsPermissionForOwnerRightsSid":false,"IsInheritedPermissionForOwnerRightsSid":false},{"PrincipalSID":"CORP.LOCAL-S-1-5-32-544","PrincipalType":"Group","RightName":"GenericWrite","IsInherited":true,"InheritanceHash":"62C26D4FB3FF64505B03CDD35D648DFBC6C157CC","IsPermissionForOwnerRightsSid":false,"IsInheritedPermissionForOwnerRightsSid":false}],"ObjectIdentifier":"45A5AA52-A953-4A2B-96CE-2BBAACB20A4B","IsDeleted":false,"IsACLProtected":false,"ContainedBy":{"ObjectIdentifier":"S-1-5-21-4206227808-1041491186-562524811","ObjectType":"Domain"}}],"meta":{"methods":15725567,"type":"ous","count":1,"version":6,"collectorversion":"2.9.0.0"}}